{"input_scale": 127.5, "conv_relu_1_output_scale": 0.0021333142649382353, "conv_relu_2_output_scale": 0.0021707250270992517, "conv_relu_3_output_scale": 0.002170056104660034, "conv_relu_4_output_scale": 0.003054246539250016, "conv_relu_5_output_scale": 0.0019661681726574898, "conv_relu_6_output_scale": 0.0035522847902029753, "conv_7_output_scale": 0.003984095528721809}